{
  "val_loss": 0.024523029724756878,
  "coeff_mse": 0.002980651333928108,
  "phase_mse": 0.08375407755374908,
  "phase_rmse_rad": 0.2955712378025055,
  "r0_m_from_predicted_phases": 0.31542835755463294,
  "tau0_s_from_predicted_phases": 0.001,
  "tau0_is_lower_bound": false,
  "v_eff_mps_from_predicted_phases": 99.04450427215474,
  "dm_shape_yx": [
    17,
    17
  ],
  "dm_residual_rms_m": 6.407532521314274e-10,
  "avg_eval_time_ms_per_frame_cpu_or_gpu": 6.535005133327407,
  "input_pixels": 16384
}