{
  "val_loss": 0.2683906853199005,
  "coeff_mse": 0.16821154952049255,
  "phase_mse": 1.9917840957641602,
  "phase_rmse_rad": 1.4113057851791382,
  "r0_m_from_predicted_phases": 2.612491716083221,
  "tau0_s_from_predicted_phases": 0.002,
  "tau0_is_lower_bound": true,
  "v_eff_mps_from_predicted_phases": 410.16119942506566,
  "dm_shape_yx": [
    9,
    9
  ],
  "dm_residual_rms_m": 3.468921881629227e-10,
  "avg_eval_time_ms_per_frame_cpu_or_gpu": 3.9843000122345984,
  "input_pixels": 4096,
  "training_history": [
    0.2683906853199005
  ],
  "phase_rmse_by_r0": {
    "0.155": 1.3835701942443848,
    "0.199": 0.7363719344139099,
    "0.133": 2.066553831100464,
    "0.196": 1.113544225692749
  },
  "frame_true_labels": [
    "Weak",
    "Weak",
    "Moderate",
    "Weak"
  ],
  "frame_predicted_labels": [
    "Strong",
    "Strong",
    "Strong",
    "Strong"
  ]
}